@Member_Id,DisplayAs,ListAs,clearName,Glasses,HairColour,HairLength,FacialHair,ICCode,Speaker
172,Ms Diane Abbott,"Abbott, Ms Diane",Diane Abbott,TRUE,Black,Medium,,3,
4212,Debbie Abrahams,"Abrahams, Debbie",Debbie Abrahams,FALSE,Black,Medium,,1,
4057,Nigel Adams,"Adams, Nigel",Nigel Adams,FALSE,Brown,Short,,1,
4639,Bim Afolami,"Afolami, Bim",Bim Afolami,FALSE,Black,Short,,3,
1586,Adam Afriyie,"Afriyie, Adam",Adam Afriyie,FALSE,Grey,Short,,3,
4841,Imran Ahmad Khan,"Ahmad Khan, Imran",Imran Ahmad Khan,FALSE,Brown,Short,,4,
4741,Nickie Aiken,"Aiken, Nickie",Nickie Aiken,FALSE,Blonde,Short,,1,
4069,Peter Aldous,"Aldous, Peter",Peter Aldous,TRUE,Grey,Short,,1,
4138,Rushanara Ali,"Ali, Rushanara",Rushanara Ali,FALSE,Black,Long,,4,
4747,Tahir Ali,"Ali, Tahir",Tahir Ali,TRUE,Grey,Short,,4,
4411,Lucy Allan,"Allan, Lucy",Lucy Allan,FALSE,Brown,Medium,,1,
4573,Dr Rosena Allin-Khan,"Allin-Khan, Dr Rosena",Rosena Allin-Khan,FALSE,Brown,Long,,4,
4667,Mike Amesbury,"Amesbury, Mike",Mike Amesbury,FALSE,Grey,Short,,1,
4788,Fleur Anderson,"Anderson, Fleur",Fleur Anderson,FALSE,Brown,Medium,,1,
4743,Lee Anderson,"Anderson, Lee",Lee Anderson,FALSE,Grey,Short,,1,
4742,Stuart Anderson,"Anderson, Stuart",Stuart Anderson,FALSE,Brown,Short,,1,
4032,Stuart Andrew,"Andrew, Stuart",Stuart Andrew,FALSE,Grey,Short,,1,
4512,Caroline Ansell,"Ansell, Caroline",Caroline Ansell,FALSE,Brown,Long,,1,
4623,Tonia Antoniazzi,"Antoniazzi, Tonia",Tonia Antoniazzi,FALSE,Black,Short,,1,
4362,Edward Argar,"Argar, Edward",Edward Argar,FALSE,Grey,Short,,1,
4244,Jonathan Ashworth,"Ashworth, Jonathan",Jonathan Ashworth,FALSE,Grey,Short,,1,
4855,Sarah Atherton,"Atherton, Sarah",Sarah Atherton,FALSE,Red,Long,,1,
4399,Victoria Atkins,"Atkins, Victoria",Victoria Atkins,FALSE,Brown,Medium,,1,
4798,Gareth Bacon,"Bacon, Gareth",Gareth Bacon,FALSE,Grey,Short,,1,
1451,Mr Richard Bacon,"Bacon, Mr Richard",Richard Bacon,FALSE,Grey,Short,,1,
4597,Kemi Badenoch,"Badenoch, Kemi",Kemi Badenoch,FALSE,Black,Long,,3,
4757,Shaun Bailey,"Bailey, Shaun",Shaun Bailey,FALSE,Brown,Short,,1,
4847,Siobhan Baillie,"Baillie, Siobhan",Siobhan Baillie,FALSE,Blonde,Medium,,1,
4784,Duncan Baker,"Baker, Duncan",Duncan Baker,TRUE,Brown,Short,,1,
4064,Mr Steve Baker,"Baker, Mr Steve",Steve Baker,TRUE,Brown,Short,,1,
4107,Harriett Baldwin,"Baldwin, Harriett",Harriett Baldwin,FALSE,Blonde,Medium,,1,
4095,Steve Barclay,"Barclay, Steve",Steve Barclay,FALSE,Grey,Short,,1,
4486,Hannah Bardell,"Bardell, Hannah",Hannah Bardell,FALSE,Brown,Short,,1,
4828,Paula Barker,"Barker, Paula",Paula Barker,FALSE,Red,Medium,,1,
1390,Mr John Baron,"Baron, Mr John",John Baron,TRUE,Grey,Short,,1,
4800,Simon Baynes,"Baynes, Simon",Simon Baynes,FALSE,Grey,Short,,1,
328,Margaret Beckett,"Beckett, Margaret",Margaret Beckett,FALSE,Grey,Short,,1,
4697,Órfhlaith Begley,"Begley, Órfhlaith",Órfhlaith Begley,FALSE,Brown,Long,,1,
4790,Apsana Begum,"Begum, Apsana",Apsana Begum,FALSE,Headscarf,Headscarf,,4,
4837,Aaron Bell,"Bell, Aaron",Aaron Bell,FALSE,Brown,Short,,1,
413,Hilary Benn,"Benn, Hilary",Hilary Benn,TRUE,Grey,Short,,1,
4793,Scott Benton,"Benton, Scott",Scott Benton,FALSE,Brown,Short,,1,
103,Sir Paul Beresford,"Beresford, Sir Paul",Paul Beresford,FALSE,Grey,Short,,1,
4060,Jake Berry,"Berry, Jake",Jake Berry,FALSE,Brown,Short,,1,
394,Mr Clive Betts,"Betts, Mr Clive",Clive Betts,FALSE,Grey,Short,,1,
4818,Saqib Bhatti,"Bhatti, Saqib",Saqib Bhatti,FALSE,Brown,Short,Stubble,4,
4421,Mhairi Black,"Black, Mhairi",Mhairi Black,FALSE,Brown,Medium,,1,
4390,Ian Blackford,"Blackford, Ian",Ian Blackford,FALSE,Grey,Short,,1,
4005,Bob Blackman,"Blackman, Bob",Bob Blackman,FALSE,Grey,Short,,1,
4357,Kirsty Blackman,"Blackman, Kirsty",Kirsty Blackman,FALSE,Brown,Short,,1,
4864,Olivia Blake,"Blake, Olivia",Olivia Blake,FALSE,Blonde,Medium,,1,
4058,Paul Blomfield,"Blomfield, Paul",Paul Blomfield,FALSE,Brown,Short,,1,
104,Crispin Blunt,"Blunt, Crispin",Crispin Blunt,TRUE,Grey,Short,Stubble,1,
1581,Mr Peter Bone,"Bone, Mr Peter",Peter Bone,TRUE,Grey,Short,,1,
4748,Steven Bonnar,"Bonnar, Steven",Steven Bonnar,FALSE,Brown,Short,Stubble,1,
117,Sir Peter Bottomley,"Bottomley, Sir Peter",Peter Bottomley,TRUE,Grey,Short,,1,
4601,Andrew Bowie,"Bowie, Andrew",Andrew Bowie,FALSE,Brown,Short,,1,
4663,Ben Bradley,"Bradley, Ben",Ben Bradley,FALSE,Brown,Short,Stubble,1,
4110,Karen Bradley,"Bradley, Karen",Karen Bradley,FALSE,Blonde,Medium,,1,
230,Mr Ben Bradshaw,"Bradshaw, Mr Ben",Ben Bradshaw,FALSE,Grey,Short,,1,
435,Sir Graham Brady,"Brady, Sir Graham",Graham Brady,FALSE,Brown,Short,,1,
4373,Mickey Brady,"Brady, Mickey",Mickey Brady,FALSE,Grey,Short,Goatee,1,
4475,Suella Braverman,"Braverman, Suella",Suella Braverman,FALSE,Brown,Medium,,4,
1400,Kevin Brennan,"Brennan, Kevin",Kevin Brennan,TRUE,Brown,Short,,1,
4643,Jack Brereton,"Brereton, Jack",Jack Brereton,TRUE,Brown,Short,,1,
4133,Andrew Bridgen,"Bridgen, Andrew",Andrew Bridgen,FALSE,Brown,Short,,1,
4067,Steve Brine,"Brine, Steve",Steve Brine,FALSE,Brown,Short,,1,
4792,Paul Bristow,"Bristow, Paul",Paul Bristow,FALSE,Blonde,Short,,1,
4838,Sara Britcliffe,"Britcliffe, Sara",Sara Britcliffe,FALSE,Blonde,Long,,1,
4417,Deidre Brock,"Brock, Deidre",Deidre Brock,TRUE,Red,Medium,,1,
4470,Alan Brown,"Brown, Alan",Alan Brown,FALSE,Grey,Short,,1,
1583,Ms Lyn Brown,"Brown, Ms Lyn",Lyn Brown,FALSE,Brown,Medium,,1,
523,Mr Nicholas Brown,"Brown, Mr Nicholas",Nicholas Brown,FALSE,Grey,Short,,1,
4801,Anthony Browne,"Browne, Anthony",Anthony Browne,FALSE,Brown,Short,,1,
3958,Fiona Bruce,"Bruce, Fiona",Fiona Bruce,FALSE,Blonde,Medium,,1,
1446,Chris Bryant,"Bryant, Chris",Chris Bryant,FALSE,Grey,Short,,1,
4821,Felicity Buchan,"Buchan, Felicity",Felicity Buchan,FALSE,Blonde,Medium,,1,
199,Ms Karen Buck,"Buck, Ms Karen",Karen Buck,FALSE,Grey,Short,,1,
4106,Sir Robert Buckland,"Buckland, Sir Robert",Robert Buckland,TRUE,Blonde,Medium,,1,
4613,Alex Burghart,"Burghart, Alex",Alex Burghart,FALSE,Brown,Short,,1,
4493,Richard Burgon,"Burgon, Richard",Richard Burgon,FALSE,Brown,Short,,1,
3922,Conor Burns,"Burns, Conor",Conor Burns,FALSE,Grey,Short,,1,
1489,Dawn Butler,"Butler, Dawn",Dawn Butler,FALSE,Brown,Long,,3,
4745,Rob Butler,"Butler, Rob",Rob Butler,FALSE,Grey,Short,,1,
4831,Ian Byrne,"Byrne, Ian",Ian Byrne,FALSE,Brown,Short,,1,
1171,Liam Byrne,"Byrne, Liam",Liam Byrne,FALSE,No Hair,No Hair,Beard,1,
4389,Ruth Cadbury,"Cadbury, Ruth",Ruth Cadbury,FALSE,Grey,Medium,,1,
4086,Alun Cairns,"Cairns, Alun",Alun Cairns,FALSE,Brown,Short,,1,
4770,Amy Callaghan,"Callaghan, Amy",Amy Callaghan,FALSE,Blonde,Long,,1,
4412,Dr Lisa Cameron,"Cameron, Dr Lisa",Lisa Cameron,FALSE,Blonde,Long,,1,
529,Sir Alan Campbell,"Campbell, Sir Alan",Alan Campbell,TRUE,Grey,Short,,1,
1409,Mr Gregory Campbell,"Campbell, Mr Gregory",Gregory Campbell,FALSE,Grey,Short,,1,
4651,Dan Carden,"Carden, Dan",Dan Carden,FALSE,Brown,Short,,1,
1442,Mr Alistair Carmichael,"Carmichael, Mr Alistair",Alistair Carmichael,FALSE,Grey,Short,,1,
4791,Andy Carter,"Carter, Andy",Andy Carter,FALSE,Brown,Short,Stubble,1,
4519,James Cartlidge,"Cartlidge, James",James Cartlidge,FALSE,Grey,Short,,1,
288,Sir William Cash,"Cash, Sir William",William Cash,TRUE,Grey,Short,,1,
4865,Miriam Cates,"Cates, Miriam",Miriam Cates,FALSE,Blonde,Long,,1,
4492,Maria Caulfield,"Caulfield, Maria",Maria Caulfield,FALSE,Blonde,Long,,1,
4481,Alex Chalk,"Chalk, Alex",Alex Chalk,FALSE,Brown,Short,,1,
4765,Wendy Chamberlain,"Chamberlain, Wendy",Wendy Chamberlain,FALSE,Brown,Long,,1,
4267,Sarah Champion,"Champion, Sarah",Sarah Champion,FALSE,Brown,Medium,,1,
4402,Douglas Chapman,"Chapman, Douglas",Douglas Chapman,TRUE,Grey,Short,,1,
4610,Bambos Charalambous,"Charalambous, Bambos",Bambos Charalambous,FALSE,Grey,Short,,1,
4419,Joanna Cherry,"Cherry, Joanna",Joanna Cherry,TRUE,Blonde,Short,,1,
3987,Rehman Chishti,"Chishti, Rehman",Rehman Chishti,FALSE,Brown,Short,,4,
242,Sir Christopher Chope,"Chope, Sir Christopher",Christopher Chope,FALSE,Grey,Short,,1,
4380,Jo Churchill,"Churchill, Jo",Jo Churchill,FALSE,Brown,Short,,1,
4822,Feryal Clark,"Clark, Feryal",Feryal Clark,FALSE,Brown,Long,,,
1578,Greg Clark,"Clark, Greg",Greg Clark,TRUE,Brown,Short,,,
4655,Mr Simon Clarke,"Clarke, Mr Simon",Simon Clarke,TRUE,Brown,Short,,1,
4819,Theo Clarke,"Clarke, Theo",Theo Clarke,FALSE,Brown,Long,,1,
4756,Brendan Clarke-Smith,"Clarke-Smith, Brendan",Brendan Clarke-Smith,FALSE,Brown,Short,,1,
4835,Chris Clarkson,"Clarkson, Chris",Chris Clarkson,TRUE,Brown,Short,,,
4366,James Cleverly,"Cleverly, James",James Cleverly,TRUE,Brown,Short,,,
249,Sir Geoffrey Clifton-Brown,"Clifton-Brown, Sir Geoffrey",Geoffrey Clifton-Brown,TRUE,Grey,Short,,,
4098,Dr Thérèse Coffey,"Coffey, Dr Thérèse",Thérèse Coffey,TRUE,Grey,Medium,,,
4775,Elliot Colburn,"Colburn, Elliot",Elliot Colburn,FALSE,Brown,Short,Stubble,,
3986,Damian Collins,"Collins, Damian",Damian Collins,FALSE,Brown,Short,,,
4769,Daisy Cooper,"Cooper, Daisy",Daisy Cooper,FALSE,Grey,Short,,,
1538,Rosie Cooper,"Cooper, Rosie",Rosie Cooper,TRUE,Red,Medium,,,
420,Yvette Cooper,"Cooper, Yvette",Yvette Cooper,FALSE,Grey,Short,,,
185,Jeremy Corbyn,"Corbyn, Jeremy",Jeremy Corbyn,FALSE,Grey,Short,Beard,,
4439,Alberto Costa,"Costa, Alberto",Alberto Costa,FALSE,Brown,Short,,,
4589,Robert Courts,"Courts, Robert",Robert Courts,TRUE,Brown,Short,,,
4806,Claire Coutinho,"Coutinho, Claire",Claire Coutinho,FALSE,Brown,Medium,,,
4465,Ronnie Cowan,"Cowan, Ronnie",Ronnie Cowan,TRUE,Brown,Short,Goatee,,
1508,Sir Geoffrey Cox,"Cox, Sir Geoffrey",Geoffrey Cox,FALSE,Grey,Short,,,
4368,Neil Coyle,"Coyle, Neil",Neil Coyle,FALSE,Brown,Short,,,
1554,Stephen Crabb,"Crabb, Stephen",Stephen Crabb,FALSE,Brown,Short,Beard,,
4469,Angela Crawley,"Crawley, Angela",Angela Crawley,FALSE,Brown,Long,,,
4088,Stella Creasy,"Creasy, Stella",Stella Creasy,FALSE,Blonde,Short,,,
4859,Virginia Crosbie,"Crosbie, Virginia",Virginia Crosbie,FALSE,Blonde,Long,,,
3950,Tracey Crouch,"Crouch, Tracey",Tracey Crouch,FALSE,Brown,Short,,,
1406,Jon Cruddas,"Cruddas, Jon",Jon Cruddas,FALSE,Brown,Short,,,
181,John Cryer,"Cryer, John",John Cryer,TRUE,Grey,Short,,,
4391,Judith Cummins,"Cummins, Judith",Judith Cummins,FALSE,Red,Medium,,,
4122,Alex Cunningham,"Cunningham, Alex",Alex Cunningham,FALSE,Grey,Short,Stubble,,
4698,Janet Daby,"Daby, Janet",Janet Daby,FALSE,Black,Medium,,,
4854,James Daly,"Daly, James",James Daly,FALSE,Brown,Short,Beard,,
188,Ed Davey,"Davey, Ed",Ed Davey,FALSE,Grey,Short,,,
1398,Wayne David,"David, Wayne",Wayne David,FALSE,Grey,Short,,,
1545,David T C Davies,"Davies, David T C",David T C Davies,FALSE,Brown,Short,,,
4850,Gareth Davies,"Davies, Gareth",Gareth Davies,FALSE,Brown,Short,,,
155,Geraint Davies,"Davies, Geraint",Geraint Davies,FALSE,No Hair,Short,,,
4476,Dr James Davies,"Davies, Dr James",James Davies,FALSE,Brown,Short,,,
4513,Mims Davies,"Davies, Mims",Mims Davies,FALSE,Blonde,Long,,,
1565,Philip Davies,"Davies, Philip",Philip Davies,FALSE,Grey,Short,,,
4849,Alex Davies-Jones,"Davies-Jones, Alex",Alex Davies-Jones,FALSE,Blonde,Long,,,
373,Mr David Davis,"Davis, Mr David",David Davis,FALSE,Grey,Short,,,
4737,Dehenna Davison,"Davison, Dehenna",Dehenna Davison,FALSE,Blonde,Medium,,,
4488,Martyn Day,"Day, Martyn",Martyn Day,FALSE,Grey,Short,Beard,,
4676,Marsha De Cordova,"De Cordova, Marsha",Marsha De Cordova,FALSE,Black,Long,,,
4433,Thangam Debbonaire,"Debbonaire, Thangam",Thangam Debbonaire,TRUE,Black,Short,,,
4638,Mr Tanmanjeet Singh Dhesi,"Dhesi, Mr Tanmanjeet Singh",Tanmanjeet Singh Dhesi,FALSE,Turban,Turban,Beard,,
4008,Dame Caroline Dinenage,"Dinenage, Dame Caroline",Caroline Dinenage,FALSE,Blonde,Medium,,,
4816,Miss Sarah Dines,"Dines, Miss Sarah",Sarah Dines,FALSE,Blonde,Medium,,,
1425,Mr Jonathan Djanogly,"Djanogly, Mr Jonathan",Jonathan Djanogly,FALSE,Brown,Short,,,
4600,Leo Docherty,"Docherty, Leo",Leo Docherty,FALSE,No Hair,No Hair,Beard,,
4374,Martin Docherty-Hughes,"Docherty-Hughes, Martin",Martin Docherty-Hughes,TRUE,No Hair,No Hair,,,
4657,Anneliese Dodds,"Dodds, Anneliese",Anneliese Dodds,FALSE,Brown,Medium,,,
650,Sir Jeffrey M Donaldson,"Donaldson, Sir Jeffrey M",Jeffrey M Donaldson,TRUE,Grey,Short,,,
4530,Michelle Donelan,"Donelan, Michelle",Michelle Donelan,FALSE,Brown,Long,,,
4736,Dave Doogan,"Doogan, Dave",Dave Doogan,FALSE,Brown,Short,,,
4740,Allan Dorans,"Dorans, Allan",Allan Dorans,FALSE,Grey,Short,,,
1481,Ms Nadine Dorries,"Dorries, Ms Nadine",Nadine Dorries,FALSE,Blonde,Long,,,
4452,Steve Double,"Double, Steve",Steve Double,TRUE,Grey,Short,,,
4264,Stephen Doughty,"Doughty, Stephen",Stephen Doughty,FALSE,Brown,Short,,,
4397,Peter Dowd,"Dowd, Peter",Peter Dowd,TRUE,Grey,Short,,,
4441,Oliver Dowden,"Dowden, Oliver",Oliver Dowden,FALSE,Blonde,Short,,,
4065,Jackie Doyle-Price,"Doyle-Price, Jackie",Jackie Doyle-Price,FALSE,Blonde,Short,,,
4132,Richard Drax,"Drax, Richard",Richard ax,FALSE,Grey,Short,,,
4459,Mrs Flick Drummond,"Drummond, Mrs Flick",Flick ummond,FALSE,Grey,Short,,,
1559,James Duddridge,"Duddridge, James",James Duddridge,TRUE,Brown,Short,,,
4616,Rosie Duffield,"Duffield, Rosie",Rosie Duffield,FALSE,Grey,Medium,,,
4606,David Duguid,"Duguid, David",David Duguid,FALSE,Brown,Short,Beard,,
152,Sir Iain Duncan Smith,"Duncan Smith, Sir Iain",Iain Duncan Smith,FALSE,No Hair,No Hair,,,
1542,Philip Dunne,"Dunne, Philip",Philip Dunne,FALSE,Brown,Short,,,
491,Dame Angela Eagle,"Eagle, Dame Angela",Angela Eagle,FALSE,Blonde,Short,,,
483,Maria Eagle,"Eagle, Maria",Maria Eagle,FALSE,Brown,Short,,,
4846,Colum Eastwood,"Eastwood, Colum",Colum Eastwood,FALSE,Brown,Short,Beard,,
4807,Mark Eastwood,"Eastwood, Mark",Mark Eastwood,FALSE,No Hair,No Hair,,,
3943,Jonathan Edwards,"Edwards, Jonathan",Jonathan Edwards,FALSE,Brown,Short,,,
4808,Ruth Edwards,"Edwards, Ruth",Ruth Edwards,FALSE,Brown,Medium,,,
165,Clive Efford,"Efford, Clive",Clive Efford,FALSE,Grey,Short,Stubble,,
4127,Julie Elliott,"Elliott, Julie",Julie Elliott,FALSE,Black,Long,,,
4116,Michael Ellis,"Ellis, Michael",Michael Ellis,TRUE,Brown,Short,,,
1487,Mr Tobias Ellwood,"Ellwood, Mr Tobias",Tobias Ellwood,TRUE,Blonde,Short,,,
4572,Chris Elmore,"Elmore, Chris",Chris Elmore,TRUE,Brown,Short,Stubble,,
4795,Mrs Natalie Elphicke,"Elphicke, Mrs Natalie",Natalie Elphicke,FALSE,Blonde,Medium,,,
4870,Florence Eshalomi,"Eshalomi, Florence",Florence Eshalomi,FALSE,Black,Long,,,
4061,Bill Esterson,"Esterson, Bill",Bill Esterson,FALSE,Grey,Short,,,
3934,George Eustice,"Eustice, George",George Eustice,FALSE,Brown,Short,,,
4040,Chris Evans,"Evans, Chris",Chris Evans,FALSE,Brown,Short,,,
4781,Dr Luke Evans,"Evans, Dr Luke",Luke Evans,FALSE,Brown,Short,,,
474,Mr Nigel Evans,"Evans, Mr Nigel",Nigel Evans,FALSE,Grey,Short,,,Second Deputy Chairman of Ways and Means
1198,Sir David Evennett,"Evennett, Sir David",David Evennett,FALSE,Grey,Short,,,
4836,Ben Everitt,"Everitt, Ben",Ben Everitt,FALSE,Brown,Short,,,
280,Michael Fabricant,"Fabricant, Michael",Michael Fabricant,FALSE,Blonde,Medium,,,
4826,Laura Farris,"Farris, Laura",Laura Farris,FALSE,Blonde,Long,,,
1591,Tim Farron,"Farron, Tim",Tim Farron,FALSE,Blonde,Short,,,
4856,Stephen Farry,"Farry, Stephen",Stephen Farry,TRUE,Grey,Short,,,
4744,Simon Fell,"Fell, Simon",Simon Fell,TRUE,Grey,Short,,,
4440,Marion Fellows,"Fellows, Marion",Marion Fellows,TRUE,Brown,Short,,,
4386,Margaret Ferrier,"Ferrier, Margaret",Margaret Ferrier,FALSE,Brown,Long,,,
4823,John Finucane,"Finucane, John",John Finucane,FALSE,Brown,Short,,1,
4936,Anna Firth,"Firth, Anna",Anna Firth,FALSE,Blonde,Medium,,,
4378,Colleen Fletcher,"Fletcher, Colleen",Colleen Fletcher,FALSE,Brown,Short,,,
4834,Katherine Fletcher,"Fletcher, Katherine",Katherine Fletcher,FALSE,Blonde,Medium,,,
4774,Mark Fletcher,"Fletcher, Mark",Mark Fletcher,TRUE,Brown,Short,,,
4832,Nick Fletcher,"Fletcher, Nick",Nick Fletcher,FALSE,Brown,Short,,,
4735,Stephen Flynn,"Flynn, Stephen",Stephen Flynn,FALSE,Brown,Short,,,
4674,Vicky Ford,"Ford, Vicky",Vicky Ford,FALSE,Blonde,Medium,,,
4451,Kevin Foster,"Foster, Kevin",Kevin Foster,FALSE,Brown,Short,,,
4034,Yvonne Fovargue,"Fovargue, Yvonne",Yvonne Fovargue,FALSE,Red,Medium,,,
223,Dr Liam Fox,"Fox, Dr Liam",Liam Fox,FALSE,Grey,Medium,,,
4491,Vicky Foxcroft,"Foxcroft, Vicky",Vicky Foxcroft,FALSE,Brown,Short,,,
4753,Mary Kelly Foy,"Foy, Mary Kelly",Mary Kelly Foy,FALSE,Brown,Medium,,,
1444,Mr Mark Francois,"Francois, Mr Mark",Mark Francois,TRUE,Grey,Short,,,
4517,Lucy Frazer,"Frazer, Lucy",Lucy Frazer,FALSE,Blonde,Long,,,
4020,George Freeman,"Freeman, George",George Freeman,FALSE,Black,Short,Stubble,,
4004,Mike Freer,"Freer, Mike",Mike Freer,FALSE,Brown,Short,,,
4932,Mr Louie French,"French, Mr Louie",Louie French,FALSE,Brown,Short,,,
3912,Richard Fuller,"Fuller, Richard",Richard Fuller,FALSE,Grey,Short,Goatee,,
4571,Gill Furniss,"Furniss, Gill",Gill Furniss,TRUE,Grey,Medium,,,
4446,Mr Marcus Fysh,"Fysh, Mr Marcus",Marcus Fysh,FALSE,Brown,Short,,,
87,Sir Roger Gale,"Gale, Sir Roger",Roger Gale,FALSE,Grey,Short,,,
146,Barry Gardiner,"Gardiner, Barry",Barry Gardiner,FALSE,Grey,Short,,,
4074,Mark Garnier,"Garnier, Mark",Mark Garnier,FALSE,Grey,Short,,,
4460,Ms Nusrat Ghani,"Ghani, Ms Nusrat",Nusrat Ghani,FALSE,Brown,Long,,,
111,Nick Gibb,"Gibb, Nick",Nick Gibb,FALSE,No Hair,Short,,,
4435,Patricia Gibson,"Gibson, Patricia",Patricia Gibson,TRUE,Brown,Medium,,,
4754,Peter Gibson,"Gibson, Peter",Peter Gibson,TRUE,Brown,Short,,,
4817,Jo Gideon,"Gideon, Jo",Jo Gideon,FALSE,Brown,Medium,,,
1416,Michelle Gildernew,"Gildernew, Michelle",Michelle Gildernew,FALSE,Brown,Medium,,,
4603,Preet Kaur Gill,"Gill, Preet Kaur",Preet Kaur Gill,FALSE,Brown,Long,,,
4633,Paul Girvan,"Girvan, Paul",Paul Girvan,FALSE,Grey,Short,,,
4051,John Glen,"Glen, John",John Glen,FALSE,Brown,Short,,,
4126,Mary Glindon,"Glindon, Mary",Mary Glindon,FALSE,Blonde,Medium,,,
1562,Sir Robert Goodwill,"Goodwill, Sir Robert",Robert Goodwill,FALSE,Grey,Short,,,
1571,Michael Gove,"Gove, Michael",Michael Gove,TRUE,Grey,Short,,,
4432,Patrick Grady,"Grady, Patrick",Patrick Grady,FALSE,No Hair,No Hair,,,
3990,Richard Graham,"Graham, Richard",Richard Graham,FALSE,Grey,Short,,,
4018,Mrs Helen Grant,"Grant, Mrs Helen",Helen Grant,FALSE,Brown,Long,,,
4466,Peter Grant,"Grant, Peter",Peter Grant,FALSE,Brown,Short,,,
261,James Gray,"Gray, James",James Gray,FALSE,Grey,Short,,,
1413,Chris Grayling,"Grayling, Chris",Chris Grayling,FALSE,No Hair,No Hair,,,
4398,Chris Green,"Green, Chris",Chris Green,FALSE,Brown,Short,,,
76,Damian Green,"Green, Damian",Damian Green,FALSE,No Hair,No Hair,,,
4120,Kate Green,"Green, Kate",Kate Green,FALSE,Grey,Short,,,
4918,Sarah Green,"Green, Sarah",Sarah Green,FALSE,Black,Long,,,
4029,Lilian Greenwood,"Greenwood, Lilian",Lilian Greenwood,FALSE,Grey,Short,,,
4400,Margaret Greenwood,"Greenwood, Margaret",Margaret Greenwood,FALSE,Grey,Short,,,
4874,Andrew Griffith,"Griffith, Andrew",Andrew Griffith,FALSE,No Hair,No Hair,,,
1541,Nia Griffith,"Griffith, Nia",Nia Griffith,FALSE,Black,Short,,,
4773,Kate Griffiths,"Griffiths, Kate",Kate Griffiths,FALSE,Red,Long,,,
4843,James Grundy,"Grundy, James",James Grundy,FALSE,Grey,Short,,,
4814,Jonathan Gullis,"Gullis, Jonathan",Jonathan Gullis,FALSE,Brown,Short,Stubble,,
1506,Andrew Gwynne,"Gwynne, Andrew",Andrew Gwynne,TRUE,Brown,Short,,,
4473,Louise Haigh,"Haigh, Louise",Louise Haigh,FALSE,Red,Long,,,
3985,Robert Halfon,"Halfon, Robert",Robert Halfon,FALSE,Grey,Short,,,
4450,Luke Hall,"Hall, Luke",Luke Hall,FALSE,Brown,Short,,,
415,Fabian Hamilton,"Hamilton, Fabian",Fabian Hamilton,FALSE,Grey,Short,Beard,,
1585,Stephen Hammond,"Hammond, Stephen",Stephen Hammond,FALSE,Brown,Short,,,
4070,Matt Hancock,"Hancock, Matt",Matt Hancock,FALSE,Brown,Short,,,
1526,Greg Hands,"Hands, Greg",Greg Hands,FALSE,Brown,Short,,,
4827,Claire Hanna,"Hanna, Claire",Claire Hanna,FALSE,Brown,Medium,,,
4782,Neale Hanvey,"Hanvey, Neale",Neale Hanvey,FALSE,No Hair,No Hair,,,
4645,Emma Hardy,"Hardy, Emma",Emma Hardy,FALSE,Red,Short,,,
150,Ms Harriet Harman,"Harman, Ms Harriet",Harriet Harman,FALSE,Red,Short,,,
1520,Mr Mark Harper,"Harper, Mr Mark",Mark Harper,FALSE,Brown,Short,,,
4480,Carolyn Harris,"Harris, Carolyn",Carolyn Harris,TRUE,Lilac,Short,,,
3948,Rebecca Harris,"Harris, Rebecca",Rebecca Harris,TRUE,Brown,Long,,,
4593,Trudy Harrison,"Harrison, Trudy",Trudy Harrison,FALSE,Brown,Long,,,
4842,Sally-Ann Hart,"Hart, Sally-Ann",Sally-Ann Hart,FALSE,Blonde,Medium,,,
3944,Simon Hart,"Hart, Simon",Simon Hart,FALSE,Grey,Short,,,
4510,Helen Hayes,"Hayes, Helen",Helen Hayes,FALSE,Blonde,Medium,,,
350,Sir John Hayes,"Hayes, Sir John",John Hayes,FALSE,Grey,Short,,,
4636,Chris Hazzard,"Hazzard, Chris",Chris Hazzard,FALSE,Brown,Short,,1,
69,Sir Oliver Heald,"Heald, Sir Oliver",Oliver Heald,FALSE,Grey,Short,,,
400,John Healey,"Healey, John",John Healey,FALSE,No Hair,No Hair,,,
4528,James Heappey,"Heappey, James",James Heappey,FALSE,Brown,Short,,,
3977,Chris Heaton-Harris,"Heaton-Harris, Chris",Chris Heaton-Harris,FALSE,Grey,Short,,,
4050,Gordon Henderson,"Henderson, Gordon",Gordon Henderson,FALSE,Grey,Short,,,
473,Sir Mark Hendrick,"Hendrick, Sir Mark",Mark Hendrick,TRUE,No Hair,No Hair,,,
4467,Drew Hendry,"Hendry, Drew",ew Hendry,FALSE,Grey,Short,,,
4794,Darren Henry,"Henry, Darren",Darren Henry,TRUE,Brown,Short,,,
4833,Antony Higginbotham,"Higginbotham, Antony",Antony Higginbotham,FALSE,Brown,Short,Stubble,,
1524,Dame Meg Hillier,"Hillier, Dame Meg",Meg Hillier,TRUE,Brown,Medium,,,
3969,Damian Hinds,"Hinds, Damian",Damian Hinds,FALSE,Grey,Short,,,
4494,Simon Hoare,"Hoare, Simon",Simon Hoare,FALSE,Grey,Short,,,
4602,Wera Hobhouse,"Hobhouse, Wera",Wera Hobhouse,FALSE,Blonde,Medium,,,
140,Dame Margaret Hodge,"Hodge, Dame Margaret",Margaret Hodge,FALSE,Blonde,Short,,,
1521,Mrs Sharon Hodgson,"Hodgson, Mrs Sharon",Sharon Hodgson,FALSE,Blonde,Medium,,,
4813,Mr Richard Holden,"Holden, Mr Richard",Richard Holden,FALSE,Brown,Short,,,
4363,Kate Hollern,"Hollern, Kate",Kate Hollern,TRUE,Brown,Medium,,,
4474,Kevin Hollinrake,"Hollinrake, Kevin",Kevin Hollinrake,FALSE,Brown,Short,,,
1537,Mr Philip Hollobone,"Hollobone, Mr Philip",Philip Hollobone,FALSE,Grey,Short,,,
1522,Adam Holloway,"Holloway, Adam",Adam Holloway,FALSE,Grey,Short,,,
4803,Paul Holmes,"Holmes, Paul",Paul Holmes,FALSE,Brown,Short,,,
4873,Rachel Hopkins,"Hopkins, Rachel",Rachel Hopkins,FALSE,Brown,Medium,,,
1514,Stewart Hosie,"Hosie, Stewart",Stewart Hosie,TRUE,Grey,Short,Stubble,,
481,Sir George Howarth,"Howarth, Sir George",George Howarth,TRUE,Blonde,Short,Beard,,
1606,John Howell,"Howell, John",John Howell,TRUE,Brown,Short,,,
4830,Paul Howell,"Howell, Paul",Paul Howell,TRUE,Grey,Short,,,
467,Sir Lindsay Hoyle,"Hoyle, Sir Lindsay",Lindsay Hoyle,FALSE,Grey,Short,,,Speaker
4407,Nigel Huddleston,"Huddleston, Nigel",Nigel Huddleston,FALSE,Brown,Short,,,
4853,Dr Neil Hudson,"Hudson, Dr Neil",Neil Hudson,FALSE,Brown,Short,,,
4635,Eddie Hughes,"Hughes, Eddie",Eddie Hughes,FALSE,Brown,Short,Stubble,,
4839,Jane Hunt,"Hunt, Jane",Jane Hunt,FALSE,Blonde,Medium,,,
1572,Jeremy Hunt,"Hunt, Jeremy",Jeremy Hunt,FALSE,Brown,Short,,,
4771,Tom Hunt,"Hunt, Tom",Tom Hunt,FALSE,Brown,Short,,,
4511,Dr Rupa Huq,"Huq, Dr Rupa",Rupa Huq,FALSE,Brown,Long,,,
4394,Imran Hussain,"Hussain, Imran",Imran Hussain,FALSE,Black,Short,,,
4619,Mr Alister Jack,"Jack, Mr Alister",Alister Jack,FALSE,Brown,Short,,,
4634,Christine Jardine,"Jardine, Christine",Christine Jardine,FALSE,Blonde,Medium,,,
4243,Dan Jarvis,"Jarvis, Dan",Dan Jarvis,FALSE,Grey,Short,,,
3945,Sajid Javid,"Javid, Sajid",Sajid Javid,FALSE,No Hair,No Hair,,,
4498,Mr Ranil Jayawardena,"Jayawardena, Mr Ranil",Ranil Jayawardena,TRUE,Brown,Short,,,
40,Sir Bernard Jenkin,"Jenkin, Sir Bernard",Bernard Jenkin,TRUE,Brown,Short,,,
4752,Mark Jenkinson,"Jenkinson, Mark",Mark Jenkinson,FALSE,Brown,Short,Stubble,,
4490,Andrea Jenkyns,"Jenkyns, Andrea",Andrea Jenkyns,FALSE,Blonde,Medium,,,
4320,Robert Jenrick,"Jenrick, Robert",Robert Jenrick,FALSE,Brown,Short,,,
1423,Boris Johnson,"Johnson, Boris",Boris Johnson,FALSE,Blonde,Short,,,
4592,Dr Caroline Johnson,"Johnson, Dr Caroline",Caroline Johnson,TRUE,Brown,Long,,,
1533,Dame Diana Johnson,"Johnson, Dame Diana",Diana Johnson,FALSE,Brown,Long,,,
3970,Gareth Johnson,"Johnson, Gareth",Gareth Johnson,FALSE,Grey,Short,,,
4824,Kim Johnson,"Johnson, Kim",Kim Johnson,FALSE,Blonde,Long,,,
4761,David Johnston,"Johnston, David",David Johnston,FALSE,Brown,Short,,,
3996,Andrew Jones,"Jones, Andrew",Andrew Jones,FALSE,Grey,Short,,,
4621,Darren Jones,"Jones, Darren",Darren Jones,TRUE,Grey,Short,,,
1502,Mr David Jones,"Jones, Mr David",David Jones,FALSE,Brown,Short,,,
4763,Fay Jones,"Jones, Fay",Fay Jones,TRUE,Brown,Medium,,,
4501,Gerald Jones,"Jones, Gerald",Gerald Jones,FALSE,Brown,Short,,,
1438,Mr Kevan Jones,"Jones, Mr Kevan",Kevan Jones,FALSE,Grey,Short,,,
4024,Mr Marcus Jones,"Jones, Mr Marcus",Marcus Jones,TRUE,Brown,Short,,,
4716,Ruth Jones,"Jones, Ruth",Ruth Jones,FALSE,Grey,Medium,,,
4631,Sarah Jones,"Jones, Sarah",Sarah Jones,FALSE,Blonde,Medium,,,
4862,Simon Jupp,"Jupp, Simon",Simon Jupp,FALSE,Brown,Short,Stubble,,
4316,Mike Kane,"Kane, Mike",Mike Kane,FALSE,Grey,Short,,,
1566,Daniel Kawczynski,"Kawczynski, Daniel",Daniel Kawczynski,TRUE,Grey,Short,,,
4805,Alicia Kearns,"Kearns, Alicia",Alicia Kearns,FALSE,Brown,Long,,,
4680,Gillian Keegan,"Keegan, Gillian",Gillian Keegan,FALSE,Brown,Long,,,
1588,Barbara Keeley,"Keeley, Barbara",Barbara Keeley,FALSE,Grey,Medium,,,
4026,Liz Kendall,"Kendall, Liz",Liz Kendall,FALSE,Brown,Long,,,
4671,Afzal Khan,"Khan, Afzal",Afzal Khan,FALSE,Brown,Short,Beard,,
4359,Stephen Kinnock,"Kinnock, Stephen",Stephen Kinnock,FALSE,No Hair,No Hair,Stubble,,
1200,Sir Greg Knight,"Knight, Sir Greg",Greg Knight,FALSE,Grey,Short,,,
4410,Julian Knight,"Knight, Julian",Julian Knight,TRUE,Grey,Short,,,
4858,Danny Kruger,"Kruger, Danny",Danny Kruger,FALSE,Grey,Short,,,
4134,Kwasi Kwarteng,"Kwarteng, Kwasi",Kwasi Kwarteng,TRUE,Black,Short,,,
4505,Peter Kyle,"Kyle, Peter",Peter Kyle,FALSE,Brown,Short,,,
36,Dame Eleanor Laing,"Laing, Dame Eleanor",Eleanor Laing,FALSE,Blonde,Long,,,Chairman of Ways and Means
4630,Ben Lake,"Lake, Ben",Ben Lake,FALSE,Grey,Short,,,
206,Mr David Lammy,"Lammy, Mr David",David Lammy,FALSE,No Hair,No Hair,,,
4608,John Lamont,"Lamont, John",John Lamont,TRUE,Brown,Short,,,
4852,Robert Largan,"Largan, Robert",Robert Largan,FALSE,Brown,Short,,,
4025,Mrs Pauline Latham,"Latham, Mrs Pauline",Pauline Latham,TRUE,Grey,Short,,,
4139,Ian Lavery,"Lavery, Ian",Ian Lavery,FALSE,Grey,Short,,,
4403,Chris Law,"Law, Chris",Chris Law,FALSE,Brown,Long,Goatee,,
4923,Kim Leadbeater,"Leadbeater, Kim",Kim Leadbeater,FALSE,Blonde,Long,,,
4117,Andrea Leadsom,"Leadsom, Andrea",Andrea Leadsom,FALSE,Blonde,Short,,,
345,Sir Edward Leigh,"Leigh, Sir Edward",Edward Leigh,FALSE,Grey,Short,,,
4749,Ian Levy,"Levy, Ian",Ian Levy,TRUE,Grey,Short,,,
4277,Mrs Emma Lewell-Buck,"Lewell-Buck, Mrs Emma",Emma Lewell-Buck,FALSE,Blonde,Medium,,,
4659,Andrew Lewer,"Lewer, Andrew",Andrew Lewer,FALSE,Brown,Short,,,
4009,Brandon Lewis,"Lewis, Brandon",Brandon Lewis,FALSE,Grey,Short,,,
4500,Clive Lewis,"Lewis, Clive",Clive Lewis,FALSE,Brown,Short,,,
54,Dr Julian Lewis,"Lewis, Dr Julian",Julian Lewis,FALSE,Grey,Short,,,
1396,Mr Ian Liddell-Grainger,"Liddell-Grainger, Mr Ian",Ian Liddell-Grainger,FALSE,Grey,Short,,,
4640,David Linden,"Linden, David",David Linden,TRUE,Brown,Short,,,
450,Tony Lloyd,"Lloyd, Tony",Tony Lloyd,TRUE,Grey,Short,,,
4857,Carla Lockhart,"Lockhart, Carla",Carla Lockhart,FALSE,Blonde,Long,,,
4751,Chris Loder,"Loder, Chris",Chris Loder,FALSE,Brown,Short,Stubble,1,
4815,Mark Logan,"Logan, Mark",Mark Logan,FALSE,Blonde,Short,,,
4396,Rebecca Long Bailey,"Long Bailey, Rebecca",Rebecca Long Bailey,FALSE,Blonde,Long,,,
4789,Marco Longhi,"Longhi, Marco",Marco Longhi,FALSE,No Hair,Short,,,
4647,Julia Lopez,"Lopez, Julia",Julia Lopez,FALSE,Blonde,Long,,,
3989,Jack Lopresti,"Lopresti, Jack",Jack Lopresti,FALSE,Brown,Short,,,
4090,Mr Jonathan Lord,"Lord, Mr Jonathan",Jonathan Lord,FALSE,Brown,Short,,,
114,Tim Loughton,"Loughton, Tim",Tim Loughton,FALSE,Grey,Short,,,
3930,Caroline Lucas,"Lucas, Caroline",Caroline Lucas,FALSE,Brown,Short,,,
4472,Holly Lynch,"Lynch, Holly",Holly Lynch,TRUE,Red,Long,,,
4772,Kenny MacAskill,"MacAskill, Kenny",Kenny MacAskill,FALSE,Red,Short,,1,
298,Steve McCabe,"McCabe, Steve",Steve McCabe,FALSE,Grey,Short,,,
1491,Kerry McCarthy,"McCarthy, Kerry",Kerry McCarthy,FALSE,Red,Medium,,,
3953,Jason McCartney,"McCartney, Jason",Jason McCartney,FALSE,Brown,Short,,,
4028,Karl McCartney,"McCartney, Karl",Karl McCartney,FALSE,Brown,Short,,,
193,Siobhain McDonagh,"McDonagh, Siobhain",Siobhain McDonagh,FALSE,Grey,Medium,,,
4269,Andy McDonald,"McDonald, Andy",Andy McDonald,FALSE,No Hair,Short,Stubble,,
4461,Stewart Malcolm McDonald,"McDonald, Stewart Malcolm",Stewart Malcolm McDonald,TRUE,Grey,Short,Beard,,
4393,Stuart C McDonald,"McDonald, Stuart C",Stuart C McDonald,FALSE,Brown,Short,,,
178,John McDonnell,"McDonnell, John",John McDonnell,FALSE,Grey,Short,,,
1587,Pat McFadden,"McFadden, Pat",Pat McFadden,FALSE,No Hair,No Hair,,,
4458,Conor McGinn,"McGinn, Conor",Conor McGinn,TRUE,Brown,Short,,,
4083,Alison McGovern,"McGovern, Alison",Alison McGovern,FALSE,Brown,Long,,,
4529,Craig Mackinlay,"Mackinlay, Craig",Craig Mackinlay,FALSE,Grey,Short,,,
4125,Catherine McKinnell,"McKinnell, Catherine",Catherine McKinnell,FALSE,Brown,Medium,,,
4758,Cherilyn Mackrory,"Mackrory, Cherilyn",Cherilyn Mackrory,FALSE,Brown,Short,,,
4437,Anne McLaughlin,"McLaughlin, Anne",Anne McLaughlin,FALSE,Blonde,Medium,,,
4668,Rachel Maclean,"Maclean, Rachel",Rachel Maclean,TRUE,Blonde,Medium,,,
4569,Jim McMahon,"McMahon, Jim",Jim McMahon,FALSE,Brown,Short,Stubble,,
4632,Anna McMorrin,"McMorrin, Anna",Anna McMorrin,FALSE,Blonde,Medium,,,
4424,John McNally,"McNally, John",John McNally,TRUE,Grey,Short,,,
1546,Angus Brendan MacNeil,"MacNeil, Angus Brendan",Angus Brendan MacNeil,FALSE,Grey,Short,,,
4093,Stephen McPartland,"McPartland, Stephen",Stephen McPartland,FALSE,Brown,Short,,,
4084,Esther McVey,"McVey, Esther",Esther McVey,FALSE,Blonde,Long,,,
4418,Justin Madders,"Madders, Justin",Justin Madders,FALSE,Brown,Short,,,
1392,Mr Khalid Mahmood,"Mahmood, Mr Khalid",Khalid Mahmood,FALSE,Grey,Short,,,
3914,Shabana Mahmood,"Mahmood, Shabana",Shabana Mahmood,FALSE,Black,Long,,,
4484,Alan Mak,"Mak, Alan",Alan Mak,FALSE,Black,Short,,,
4253,Seema Malhotra,"Malhotra, Seema",Seema Malhotra,FALSE,Brown,Medium,,,
4495,Kit Malthouse,"Malthouse, Kit",Kit Malthouse,FALSE,Grey,Short,,,
4762,Anthony Mangnall,"Mangnall, Anthony",Anthony Mangnall,FALSE,Brown,Short,,,
4496,Scott Mann,"Mann, Scott",Scott Mann,FALSE,Brown,Short,,,
4768,Julie Marson,"Marson, Julie",Julie Marson,FALSE,Blonde,Long,,,
4471,Rachael Maskell,"Maskell, Rachael",Rachael Maskell,FALSE,Blonde,Long,,,
4245,Paul Maskey,"Maskey, Paul",Paul Maskey,TRUE,No Hair,No Hair,,1,
4408,Christian Matheson,"Matheson, Christian",Christian Matheson,FALSE,Brown,Short,,,
8,Mrs Theresa May,"May, Mrs Theresa",Theresa May,FALSE,Grey,Short,,,
4739,Jerome Mayhew,"Mayhew, Jerome",Jerome Mayhew,FALSE,No Hair,No Hair,,,
3926,Paul Maynard,"Maynard, Paul",Paul Maynard,TRUE,Grey,Short,,,
4000,Ian Mearns,"Mearns, Ian",Ian Mearns,TRUE,Brown,Short,,,
3998,Mark Menzies,"Menzies, Mark",Mark Menzies,FALSE,Grey,Short,,,
4485,Johnny Mercer,"Mercer, Johnny",Johnny Mercer,FALSE,Brown,Short,,,
4442,Huw Merriman,"Merriman, Huw",Huw Merriman,FALSE,Brown,Short,,,
4092,Stephen Metcalfe,"Metcalfe, Stephen",Stephen Metcalfe,FALSE,Brown,Short,,,
1510,Edward Miliband,"Miliband, Edward",Edward Miliband,FALSE,Brown,Short,,,
4746,Robin Millar,"Millar, Robin",Robin Millar,FALSE,Brown,Short,,,
1480,Mrs Maria Miller,"Miller, Mrs Maria",Maria Miller,FALSE,Red,Medium,,,
4454,Amanda Milling,"Milling, Amanda",Amanda Milling,FALSE,Blonde,Medium,,,
4136,Nigel Mills,"Mills, Nigel",Nigel Mills,FALSE,Brown,Short,,,
4811,Navendu Mishra,"Mishra, Navendu",Navendu Mishra,FALSE,Brown,Short,,,
1211,Mr Andrew Mitchell,"Mitchell, Mr Andrew",Andrew Mitchell,TRUE,Grey,Short,,,
4804,Mr Gagan Mohindra,"Mohindra, Mr Gagan",Gagan Mohindra,FALSE,Brown,Short,,,
4274,Francie Molloy,"Molloy, Francie",Francie Molloy,TRUE,Grey,Short,Beard,1,
4443,Carol Monaghan,"Monaghan, Carol",Carol Monaghan,FALSE,Brown,Medium,,,
4669,Damien Moore,"Moore, Damien",Damien Moore,FALSE,Brown,Short,Beard,,
4861,Robbie Moore,"Moore, Robbie",Robbie Moore,FALSE,Red,Short,,,
4656,Layla Moran,"Moran, Layla",Layla Moran,TRUE,Brown,Medium,,,
4017,Penny Mordaunt,"Mordaunt, Penny",Penny Mordaunt,FALSE,Brown,Long,,,
1548,Jessica Morden,"Morden, Jessica",Jessica Morden,FALSE,Blonde,Medium,,,
4934,Helen Morgan,"Morgan, Helen",Helen Morgan,FALSE,Blonde,Medium,,,
4653,Stephen Morgan,"Morgan, Stephen",Stephen Morgan,FALSE,Brown,Short,Goatee,,
4249,Anne Marie Morris,"Morris, Anne Marie",Anne Marie Morris,FALSE,Brown,Long,,,
4135,David Morris,"Morris, David",David Morris,FALSE,Grey,Short,,,
3973,Grahame Morris,"Morris, Grahame",Grahame Morris,TRUE,No Hair,No Hair,Goatee,,
3992,James Morris,"Morris, James",James Morris,FALSE,Brown,Short,,,
4759,Joy Morrissey,"Morrissey, Joy",Joy Morrissey,FALSE,Brown,Long,,,
4916,Jill Mortimer,"Mortimer, Jill",Jill Mortimer,FALSE,Grey,Medium,,,
4358,Wendy Morton,"Morton, Wendy",Wendy Morton,FALSE,Red,Short,,,
4860,Dr Kieran Mullan,"Mullan, Dr Kieran",Kieran Mullan,FALSE,No Hair,No Hair,,,
4867,Holly Mumby-Croft,"Mumby-Croft, Holly",Holly Mumby-Croft,FALSE,Red,Short,,,
1512,David Mundell,"Mundell, David",David Mundell,TRUE,Grey,Short,Stubble,,
3966,Ian Murray,"Murray, Ian",Ian Murray,FALSE,Grey,Short,,,
4797,James Murray,"Murray, James",James Murray,FALSE,Brown,Short,,,
4100,Mrs Sheryll Murray,"Murray, Mrs Sheryll",Sheryll Murray,TRUE,Blonde,Short,,,
1466,Dr Andrew Murrison,"Murrison, Dr Andrew",Andrew Murrison,FALSE,Grey,Short,,,
4082,Lisa Nandy,"Nandy, Lisa",Lisa Nandy,FALSE,Brown,Long,,,
1601,Sir Robert Neill,"Neill, Sir Robert",Robert Neill,FALSE,Grey,Short,,,
4420,Gavin Newlands,"Newlands, Gavin",Gavin Newlands,FALSE,Brown,Short,,,
4799,Charlotte Nichols,"Nichols, Charlotte",Charlotte Nichols,FALSE,Red,Long,,,
4851,Lia Nici,"Nici, Lia",Lia Nici,FALSE,Grey,Short,,,
4415,John Nicolson,"Nicolson, John",John Nicolson,FALSE,Grey,Short,,,
4048,Caroline Nokes,"Nokes, Caroline",Caroline Nokes,FALSE,Brown,Long,,,
3991,Jesse Norman,"Norman, Jesse",Jesse Norman,FALSE,Brown,Short,,,
4641,Alex Norris,"Norris, Alex",Alex Norris,TRUE,Brown,Short,,,
4679,Neil O'Brien,"O'Brien, Neil",Neil O'Brien,FALSE,Brown,Short,,,
4006,Dr Matthew Offord,"Offord, Dr Matthew",Matthew Offord,FALSE,Grey,Short,,,
4371,Brendan O'Hara,"O'Hara, Brendan",Brendan O'Hara,TRUE,Grey,Short,,,
4591,Sarah Olney,"Olney, Sarah",Sarah Olney,FALSE,Brown,Medium,,,
4124,Chi Onwurah,"Onwurah, Chi",Chi Onwurah,FALSE,Black,Medium,,,
4142,Guy Opperman,"Opperman, Guy",Guy Opperman,FALSE,Black,Short,,,
4820,Abena Oppong-Asare,"Oppong-Asare, Abena",Abena Oppong-Asare,FALSE,Brown,Medium,,,
4515,Kate Osamor,"Osamor, Kate",Kate Osamor,FALSE,Black,Long,,,
4783,Kate Osborne,"Osborne, Kate",Kate Osborne,FALSE,Grey,Short,,,
4413,Kirsten Oswald,"Oswald, Kirsten",Kirsten Oswald,FALSE,Brown,Medium,,,
4779,Taiwo Owatemi,"Owatemi, Taiwo",Taiwo Owatemi,FALSE,Black,Long,,,
4777,Sarah Owen,"Owen, Sarah",Sarah Owen,FALSE,Black,Long,,,
4129,Ian Paisley,"Paisley, Ian",Ian Paisley,FALSE,Grey,Short,,,
4072,Neil Parish,"Parish, Neil",Neil Parish,FALSE,Brown,Short,,,
4066,Priti Patel,"Patel, Priti",Priti Patel,FALSE,Brown,Long,,,
4052,Mark Pawsey,"Pawsey, Mark",Mark Pawsey,TRUE,Grey,Short,,,
4607,Stephanie Peacock,"Peacock, Stephanie",Stephanie Peacock,FALSE,Brown,Medium,,,
1528,Sir Mike Penning,"Penning, Sir Mike",Mike Penning,FALSE,Grey,Short,,,
4520,Matthew Pennycook,"Pennycook, Matthew",Matthew Pennycook,FALSE,Brown,Short,,,
1584,John Penrose,"Penrose, John",John Penrose,FALSE,Grey,Short,,,
3939,Andrew Percy,"Percy, Andrew",Andrew Percy,FALSE,Brown,Short,,,
3952,Mr Toby Perkins,"Perkins, Mr Toby",Toby Perkins,FALSE,Brown,Short,,,
4370,Jess Phillips,"Phillips, Jess",Jess Phillips,FALSE,Brown,Medium,,,
4046,Bridget Phillipson,"Phillipson, Bridget",Bridget Phillipson,FALSE,Brown,Long,,,
4503,Chris Philp,"Philp, Chris",Chris Philp,FALSE,Red,Short,,,
4075,Christopher Pincher,"Pincher, Christopher",Christopher Pincher,FALSE,Brown,Short,Stubble,,
4682,Luke Pollard,"Pollard, Luke",Luke Pollard,FALSE,Grey,Short,,,
3932,Dr Dan Poulter,"Poulter, Dr Dan",Dan Poulter,FALSE,Brown,Short,,,
4522,Rebecca Pow,"Pow, Rebecca",Rebecca Pow,FALSE,Blonde,Medium,,,
4263,Lucy Powell,"Powell, Lucy",Lucy Powell,FALSE,Brown,Medium,,,
4401,Victoria Prentis,"Prentis, Victoria",Victoria Prentis,FALSE,Brown,Medium,,,
1576,Mark Pritchard,"Pritchard, Mark",Mark Pritchard,FALSE,Grey,Short,,,
4369,Tom Pursglove,"Pursglove, Tom",Tom Pursglove,FALSE,Brown,Short,,,
4917,Ms Anum Qaisar,"Qaisar, Ms Anum",Anum Qaisar,FALSE,Black,Long,,,
4507,Jeremy Quin,"Quin, Jeremy",Jeremy Quin,TRUE,Brown,Short,,,
4423,Will Quince,"Quince, Will",Will Quince,FALSE,Grey,Short,,,
3924,Yasmin Qureshi,"Qureshi, Yasmin",Yasmin Qureshi,FALSE,Black,Long,,,
4007,Dominic Raab,"Raab, Dominic",Dominic Raab,FALSE,Grey,Short,,,
4845,Tom Randall,"Randall, Tom",Tom Randall,TRUE,Brown,Short,,,
4356,Angela Rayner,"Rayner, Angela",Angela Rayner,FALSE,Blonde,Long,,,
14,John Redwood,"Redwood, John",John Redwood,FALSE,Grey,Short,,,
4268,Steve Reed,"Reed, Steve",Steve Reed,FALSE,Grey,Short,,,
4525,Christina Rees,"Rees, Christina",Christina Rees,FALSE,Blonde,Medium,,,
4099,Mr Jacob Rees-Mogg,"Rees-Mogg, Mr Jacob",Jacob Rees-Mogg,TRUE,Grey,Short,,,
4620,Ellie Reeves,"Reeves, Ellie",Ellie Reeves,FALSE,Blonde,Long,,,
4031,Rachel Reeves,"Reeves, Rachel",Rachel Reeves,FALSE,Brown,Long,,,
4119,Jonathan Reynolds,"Reynolds, Jonathan",Jonathan Reynolds,FALSE,Grey,Short,Stubble,,
4764,Bell Ribeiro-Addy,"Ribeiro-Addy, Bell",Bell Ribeiro-Addy,FALSE,Brown,Long,,,
4868,Nicola Richards,"Richards, Nicola",Nicola Richards,FALSE,Brown,Long,,,
4840,Angela Richardson,"Richardson, Angela",Angela Richardson,FALSE,Blonde,Short,,,
4457,Ms Marie Rimmer,"Rimmer, Ms Marie",Marie Rimmer,FALSE,Red,Short,,,
4810,Rob Roberts,"Roberts, Rob",Rob Roberts,FALSE,Grey,Short,,,
253,Mr Laurence Robertson,"Robertson, Mr Laurence",Laurence Robertson,FALSE,Grey,Short,,,
4360,Gavin Robinson,"Robinson, Gavin",Gavin Robinson,TRUE,Grey,Short,,,
4406,Mary Robinson,"Robinson, Mary",Mary Robinson,FALSE,Blonde,Medium,,,
4654,Matt Rodda,"Rodda, Matt",Matt Rodda,FALSE,Grey,Short,,,
1447,Andrew Rosindell,"Rosindell, Andrew",Andrew Rosindell,TRUE,Grey,Short,,,
4627,Douglas Ross,"Ross, Douglas",Douglas Ross,FALSE,Brown,Short,,,
4652,Lee Rowley,"Rowley, Lee",Lee Rowley,FALSE,Brown,Short,,,
4812,Dean Russell,"Russell, Dean",Dean Russell,FALSE,Brown,Short,,,
4615,Lloyd Russell-Moyle,"Russell-Moyle, Lloyd",Lloyd Russell-Moyle,TRUE,Red,Short,Beard,,
4033,David Rutley,"Rutley, David",David Rutley,FALSE,Grey,Short,,,
4760,Gary Sambrook,"Sambrook, Gary",Gary Sambrook,FALSE,Brown,Short,,,
4521,Liz Saville Roberts,"Saville Roberts, Liz",Liz Saville Roberts,FALSE,Grey,Medium,,,
4863,Selaine Saxby,"Saxby, Selaine",Selaine Saxby,FALSE,Brown,Short,,,
4414,Paul Scully,"Scully, Paul",Paul Scully,TRUE,Grey,Short,Beard,,
4681,Bob Seely,"Seely, Bob",Bob Seely,FALSE,Grey,Short,,,
1453,Andrew Selous,"Selous, Andrew",Andrew Selous,FALSE,Grey,Short,,,
4409,Naz Shah,"Shah, Naz",Naz Shah,FALSE,Brown,Long,,,
4131,Jim Shannon,"Shannon, Jim",Jim Shannon,TRUE,Grey,Short,,,
1582,Grant Shapps,"Shapps, Grant",Grant Shapps,FALSE,Grey,Short,,,
4014,Alok Sharma,"Sharma, Alok",Alok Sharma,TRUE,Brown,Short,,,
1604,Mr Virendra Sharma,"Sharma, Mr Virendra",Virendra Sharma,TRUE,No Hair,No Hair,,,
411,Mr Barry Sheerman,"Sheerman, Mr Barry",Barry Sheerman,FALSE,Grey,Short,,,
3997,Alec Shelbrooke,"Shelbrooke, Alec",Alec Shelbrooke,FALSE,Brown,Short,,,
4453,Tommy Sheppard,"Sheppard, Tommy",Tommy Sheppard,FALSE,Grey,Short,Beard,,
4518,Tulip Siddiq,"Siddiq, Tulip",Tulip Siddiq,FALSE,Brown,Long,,,
4872,David Simmonds,"Simmonds, David",David Simmonds,FALSE,Grey,Short,,,
4021,Chris Skidmore,"Skidmore, Chris",Chris Skidmore,FALSE,Grey,Short,,,
1516,Andy Slaughter,"Slaughter, Andy",Andy Slaughter,TRUE,Grey,Short,,,
4738,Alyn Smith,"Smith, Alyn",Alyn Smith,FALSE,Brown,Short,Stubble,,
4436,Cat Smith,"Smith, Cat",Cat Smith,TRUE,Blonde,Long,,,
1609,Chloe Smith,"Smith, Chloe",Chloe Smith,TRUE,Brown,Short,,,
4778,Greg Smith,"Smith, Greg",Greg Smith,FALSE,Brown,Short,,,
3960,Henry Smith,"Smith, Henry",Henry Smith,FALSE,Grey,Short,,,
4456,Jeff Smith,"Smith, Jeff",Jeff Smith,FALSE,Grey,Short,,,
4118,Julian Smith,"Smith, Julian",Julian Smith,FALSE,Grey,Short,,,
3928,Nick Smith,"Smith, Nick",Nick Smith,FALSE,Grey,Short,,,
4478,Royston Smith,"Smith, Royston",Royston Smith,FALSE,Grey,Short,,,
4444,Karin Smyth,"Smyth, Karin",Karin Smyth,FALSE,Grey,Short,,,
4658,Alex Sobel,"Sobel, Alex",Alex Sobel,FALSE,Brown,Short,,,
4372,Amanda Solloway,"Solloway, Amanda",Amanda Solloway,FALSE,Grey,Long,,,
318,John Spellar,"Spellar, John",John Spellar,TRUE,Grey,Short,Stubble,,
4785,Dr Ben Spencer,"Spencer, Dr Ben",Ben Spencer,FALSE,Red,Short,,,
4055,Mark Spencer,"Spencer, Mark",Mark Spencer,FALSE,Brown,Short,,,
4866,Alexander Stafford,"Stafford, Alexander",Alexander Stafford,TRUE,Brown,Short,Beard,,
4514,Keir Starmer,"Starmer, Keir",Keir Starmer,FALSE,Grey,Short,,,
4463,Chris Stephens,"Stephens, Chris",Chris Stephens,FALSE,Brown,Short,,,
4044,Andrew Stephenson,"Stephenson, Andrew",Andrew Stephenson,FALSE,Grey,Short,Stubble,,
4425,Jo Stevens,"Stevens, Jo",Jo Stevens,FALSE,Brown,Medium,,,
4750,Jane Stevenson,"Stevenson, Jane",Jane Stevenson,FALSE,Red,Long,,,
3942,John Stevenson,"Stevenson, John",John Stevenson,FALSE,No Hair,No Hair,,,
3919,Bob Stewart,"Stewart, Bob",Bob Stewart,FALSE,Grey,Short,,,
4015,Iain Stewart,"Stewart, Iain",Iain Stewart,TRUE,Brown,Short,,,
4612,Jamie Stone,"Stone, Jamie",Jamie Stone,TRUE,Grey,Short,,,
234,Sir Gary Streeter,"Streeter, Sir Gary",Gary Streeter,TRUE,Red,Short,,,
4504,Wes Streeting,"Streeting, Wes",Wes Streeting,FALSE,Brown,Short,,,
3935,Mel Stride,"Stride, Mel",Mel Stride,FALSE,Brown,Short,,,
449,Graham Stringer,"Stringer, Graham",Graham Stringer,FALSE,Grey,Short,,,
1482,Graham Stuart,"Stuart, Graham",Graham Stuart,FALSE,Grey,Short,,,
4079,Julian Sturdy,"Sturdy, Julian",Julian Sturdy,FALSE,Brown,Short,,,
4786,Zarah Sultana,"Sultana, Zarah",Zarah Sultana,FALSE,Brown,Medium,,,
4483,Rishi Sunak,"Sunak, Rishi",Rishi Sunak,FALSE,Brown,Short,,,
4767,James Sunderland,"Sunderland, James",James Sunderland,FALSE,Grey,Short,Goatee,,
55,Sir Desmond Swayne,"Swayne, Sir Desmond",Desmond Swayne,FALSE,Grey,Short,,,
245,Sir Robert Syms,"Syms, Sir Robert",Robert Syms,FALSE,Grey,Short,,,
1383,Mark Tami,"Tami, Mark",Mark Tami,TRUE,Grey,Short,,,
4829,Sam Tarry,"Tarry, Sam",Sam Tarry,FALSE,Blonde,Short,,,
4430,Alison Thewliss,"Thewliss, Alison",Alison Thewliss,FALSE,Brown,Short,,,
4532,Derek Thomas,"Thomas, Derek",Derek Thomas,FALSE,Brown,Short,,,
177,Gareth Thomas,"Thomas, Gareth",Gareth Thomas,FALSE,Brown,Short,,,
4479,Nick Thomas-Symonds,"Thomas-Symonds, Nick",Nick Thomas-Symonds,FALSE,Brown,Short,,,
4482,Owen Thompson,"Thompson, Owen",Owen Thompson,FALSE,Red,Short,Beard,,
4796,Richard Thomson,"Thomson, Richard",Richard Thomson,TRUE,Brown,Short,,,
1536,Emily Thornberry,"Thornberry, Emily",Emily Thornberry,FALSE,Blonde,Short,,,
4447,Maggie Throup,"Throup, Maggie",Maggie Throup,TRUE,Blonde,Medium,,,
163,Stephen Timms,"Timms, Stephen",Stephen Timms,FALSE,Blonde,Short,,,
1605,Edward Timpson,"Timpson, Edward",Edward Timpson,FALSE,Brown,Short,,,
4487,Kelly Tolhurst,"Tolhurst, Kelly",Kelly Tolhurst,FALSE,Brown,Long,,,
4105,Justin Tomlinson,"Tomlinson, Justin",Justin Tomlinson,FALSE,Grey,Short,,,
4497,Michael Tomlinson,"Tomlinson, Michael",Michael Tomlinson,TRUE,Brown,Short,,,
4509,Craig Tracey,"Tracey, Craig",Craig Tracey,FALSE,Grey,Short,,,
4531,Anne-Marie Trevelyan,"Trevelyan, Anne-Marie",Anne-Marie Trevelyan,FALSE,Brown,Medium,,,
410,Jon Trickett,"Trickett, Jon",Jon Trickett,FALSE,Grey,Short,Goatee,,
4780,Laura Trott,"Trott, Laura",Laura Trott,FALSE,Blonde,Long,,,
4097,Elizabeth Truss,"Truss, Elizabeth",Elizabeth Truss,FALSE,Blonde,Medium,,,
4462,Tom Tugendhat,"Tugendhat, Tom",Tom Tugendhat,FALSE,brown,Short,,,
4030,Karl Turner,"Turner, Karl",Karl Turner,TRUE,Brown,Short,,,
429,Derek Twigg,"Twigg, Derek",Derek Twigg,FALSE,Grey,Short,,,
4618,Liz Twist,"Twist, Liz",Liz Twist,FALSE,Grey,Medium,,,
1496,Shailesh Vara,"Vara, Shailesh",Shailesh Vara,FALSE,No Hair,Short,,,
4076,Valerie Vaz,"Vaz, Valerie",Valerie Vaz,FALSE,Brown,Medium,,,
3957,Martin Vickers,"Vickers, Martin",Martin Vickers,TRUE,Grey,Short,,,
4844,Matt Vickers,"Vickers, Matt",Matt Vickers,FALSE,Brown,Short,Stubble,,
1500,Theresa Villiers,"Villiers, Theresa",Theresa Villiers,FALSE,Brown,Long,,,
4871,Christian Wakeford,"Wakeford, Christian",Christian Wakeford,FALSE,Brown,Short,Stubble,,
1493,Sir Charles Walker,"Walker, Sir Charles",Charles Walker,TRUE,Brown,Short,,,
4091,Mr Robin Walker,"Walker, Mr Robin",Robin Walker,FALSE,Brown,Short,,,
1539,Mr Ben Wallace,"Wallace, Mr Ben",Ben Wallace,FALSE,Brown,Short,,,
4766,Dr Jamie Wallis,"Wallis, Dr Jamie",Jamie Wallis,FALSE,Grey,Short,,,
4526,David Warburton,"Warburton, David",David Warburton,FALSE,Grey,Short,,,
4361,Matt Warman,"Warman, Matt",Matt Warman,FALSE,Brown,Short,,,
4677,Giles Watling,"Watling, Giles",Giles Watling,FALSE,Grey,Short,Goatee,,
4802,Suzanne Webb,"Webb, Suzanne",Suzanne Webb,FALSE,Black,Medium,,,
4848,Claudia Webbe,"Webbe, Claudia",Claudia Webbe,FALSE,Blonde,Long,,,
4523,Catherine West,"West, Catherine",Catherine West,FALSE,Brown,Medium,,,
4617,Matt Western,"Western, Matt",Matt Western,TRUE,No Hair,No Hair,,,
4527,Helen Whately,"Whately, Helen",Helen Whately,FALSE,Blonde,Medium,,,
4053,Mrs Heather Wheeler,"Wheeler, Mrs Heather",Heather Wheeler,FALSE,Grey,Short,,,
62,Dr Alan Whitehead,"Whitehead, Dr Alan",Alan Whitehead,FALSE,Grey,Short,Moustache,,
4385,Dr Philippa Whitford,"Whitford, Dr Philippa",Philippa Whitford,FALSE,Blonde,Medium,,,
4755,Mick Whitley,"Whitley, Mick",Mick Whitley,FALSE,Grey,Short,Moustache,,
3940,Craig Whittaker,"Whittaker, Craig",Craig Whittaker,TRUE,Grey,Short,,,
39,Mr John Whittingdale,"Whittingdale, Mr John",John Whittingdale,FALSE,Brown,Short,,,
4869,Nadia Whittome,"Whittome, Nadia",Nadia Whittome,FALSE,Brown,Medium,,,
1428,Sir Bill Wiggin,"Wiggin, Sir Bill",Bill Wiggin,FALSE,Grey,Short,,,
4787,James Wild,"Wild, James",James Wild,TRUE,Grey,Short,,,
4438,Craig Williams,"Williams, Craig",Craig Williams,FALSE,Brown,Short,,,
1397,Hywel Williams,"Williams, Hywel",Hywel Williams,TRUE,No Hair,No Hair,,,
4108,Gavin Williamson,"Williamson, Gavin",Gavin Williamson,FALSE,Brown,Short,,,
4776,Munira Wilson,"Wilson, Munira",Munira Wilson,FALSE,Brown,Medium,,,
1593,Sammy Wilson,"Wilson, Sammy",Sammy Wilson,TRUE,Grey,Short,Moustache,,
4809,Beth Winter,"Winter, Beth",Beth Winter,FALSE,Blonde,Long,,,
390,Dame Rosie Winterton,"Winterton, Dame Rosie",Rosie Winterton,FALSE,Grey,Medium,,,First Deputy Chairman of Ways and Means
1440,Pete Wishart,"Wishart, Pete",Pete Wishart,FALSE,Grey,Short,,,
4384,Mike Wood,"Wood, Mike",Mike Wood,FALSE,Brown,Short,,,
4429,Mr William Wragg,"Wragg, Mr William",William Wragg,FALSE,Brown,Short,,,
1560,Jeremy Wright,"Wright, Jeremy",Jeremy Wright,TRUE,Grey,Short,,,
4598,Mohammad Yasin,"Yasin, Mohammad",Mohammad Yasin,TRUE,Brown,Short,,,
4825,Jacob Young,"Young, Jacob",Jacob Young,FALSE,Brown,Short,,,
4113,Nadhim Zahawi,"Zahawi, Nadhim",Nadhim Zahawi,TRUE,No Hair,Short,Goatee,,
4382,Daniel Zeichner,"Zeichner, Daniel",Daniel Zeichner,TRUE,Grey,Short,,,
4938,Mrs Paulette Hamilton,"Hamilton, Mrs Paulette",Paulette Hamilton,TRUE,Black,Long,,,
